Workbook

Sheet Cover
B3: FINANCIAL MANAGEMENT
B4: ASSIGNMENT #3 — PORTFOLIO ANALYSIS
B6: Course | C6: Financial Management
B7: Section | C7: BBD-IV
B8: Due Date | C8: 11th April, 2026
B9: Data Period | C9: 1 Jan 2019 – 31 Dec 2025
B11: Companies | C11: OGDC | LUCK | HBL | ENGRO
B12: Benchmark | C12: KSE-100 Index
B14: Risk-Free Rate (12M T-Bill) | C14: 11.35% p.a.
B16: Data Source | C16: PSX.com.pk / Investing.com
B19: Submitted By: | C19: Roll No.
B20: Daniyal Nadeem | C20: FA24-BBD-120
B21: Hamza Zohad Khan | C21: FA24-BBD-060
B22: Ayaan Qaiser | C22: FA24-BBD-036
... B24: Muhammad Abdullah Tiwana | C24: FA24-BBD-108

Sheet Raw Price Data
A1: Date | B1: OGDC | C1: LUCK | D1: HBL | E1: ENGRO | F1: KSE-100
A2: 43466 | B2: 140 | C2: 550 | D2: 150 | E2: 280 | F2: 37000
A3: 43467 | B3: 139.76 | C3: 546.26 | D3: 149.7 | E3: 278.39 | F3: 37449.6
A4: 43468 | B4: 139.47 | C4: 575.47 | D4: 149.64 | E4: 267.96 | F4: 37401.8
A5: 43469 | B5: 139.3 | C5: 558.99 | D5: 149.67 | E5: 271.68 | F5: 37702.28
A6: 43472 | B6: 140.7 | C6: 550.13 | D6: 153.01 | E6: 276.17 | F6: 37861.94
A7: 43473 | B7: 140.5 | C7: 557.3 | D7: 154.01 | E7: 282.31 | F7: 38065.06
A8: 43474 | B8: 137.63 | C8: 580.81 | D8: 149.26 | E8: 289.64 | F8: 38398.59
A9: 43475 | B9: 138.31 | C9: 570.99 | D9: 151.81 | E9: 286.47 | F9: 38274.3
A10: 43476 | B10: 137.84 | C10: 589.75 | D10: 147.26 | E10: 285.74 | F10: 38148.69
A11: 43479 | B11: 137.47 | C11: 580.57 | D11: 146.38 | E11: 294.21 | F11: 37382.6
A12: 43480 | B12: 137.73 | C12: 594.16 | D12: 143.24 | E12: 300.35 | F12: 37492.64
A13: 43481 | B13: 138.22 | C13: 595.3 | D13: 143.39 | E13: 296.31 | F13: 37007.55
... A1828: 46022 | B1828: 102.87 | C1828: 2221.51 | D1828: 165.51 | E1828: 189.46 | F1828: 53682.7

Sheet Daily Returns
A1: Date | B1: OGDC Return | C1: LUCK Return | D1: HBL Return | E1: ENGRO Return | F1: KSE-100 Return
A2: 43466
A3: 43467 | B3: =('Raw Price Data'!B3-'Raw Price Data'!B2)/'Raw Price Data'!B2 -> -0.0017142857 | C3: =('Raw Price Data'!C3-'Raw Price Data'!C2)/'Raw Price Data'!C2 -> -0.0068 | D3: =('Raw Price Data'!D3-'Raw Price Data'!D2)/'Raw Price Data'!D2 -> -0.002 | E3: =('Raw Price Data'!E3-'Raw Price Data'!E2)/'Raw Price Data'!E2 -> -0.00575 | F3: =('Raw Price Data'!F3-'Raw Price Data'!F2)/'Raw Price Data'!F2 -> 0.012151351
A4: 43468 | B4: =('Raw Price Data'!B4-'Raw Price Data'!B3)/'Raw Price Data'!B3 -> -0.0020749857 | C4: =('Raw Price Data'!C4-'Raw Price Data'!C3)/'Raw Price Data'!C3 -> 0.053472705 | D4: =('Raw Price Data'!D4-'Raw Price Data'!D3)/'Raw Price Data'!D3 -> -0.0004008016 | E4: =('Raw Price Data'!E4-'Raw Price Data'!E3)/'Raw Price Data'!E3 -> -0.037465426 | F4: =('Raw Price Data'!F4-'Raw Price Data'!F3)/'Raw Price Data'!F3 -> -0.0012763821
A5: 43469 | B5: =('Raw Price Data'!B5-'Raw Price Data'!B4)/'Raw Price Data'!B4 -> -0.0012189001 | C5: =('Raw Price Data'!C5-'Raw Price Data'!C4)/'Raw Price Data'!C4 -> -0.028637462 | D5: =('Raw Price Data'!D5-'Raw Price Data'!D4)/'Raw Price Data'!D4 -> 0.00020048115 | E5: =('Raw Price Data'!E5-'Raw Price Data'!E4)/'Raw Price Data'!E4 -> 0.013882669 | F5: =('Raw Price Data'!F5-'Raw Price Data'!F4)/'Raw Price Data'!F4 -> 0.0080338379
A6: 43472 | B6: =('Raw Price Data'!B6-'Raw Price Data'!B5)/'Raw Price Data'!B5 -> 0.010050251 | C6: =('Raw Price Data'!C6-'Raw Price Data'!C5)/'Raw Price Data'!C5 -> -0.015850015 | D6: =('Raw Price Data'!D6-'Raw Price Data'!D5)/'Raw Price Data'!D5 -> 0.022315761 | E6: =('Raw Price Data'!E6-'Raw Price Data'!E5)/'Raw Price Data'!E5 -> 0.016526796 | F6: =('Raw Price Data'!F6-'Raw Price Data'!F5)/'Raw Price Data'!F5 -> 0.0042347572
A7: 43473 | B7: =('Raw Price Data'!B7-'Raw Price Data'!B6)/'Raw Price Data'!B6 -> -0.0014214641 | C7: =('Raw Price Data'!C7-'Raw Price Data'!C6)/'Raw Price Data'!C6 -> 0.013033283 | D7: =('Raw Price Data'!D7-'Raw Price Data'!D6)/'Raw Price Data'!D6 -> 0.0065355206 | E7: =('Raw Price Data'!E7-'Raw Price Data'!E6)/'Raw Price Data'!E6 -> 0.022232683 | F7: =('Raw Price Data'!F7-'Raw Price Data'!F6)/'Raw Price Data'!F6 -> 0.0053647542
A8: 43474 | B8: =('Raw Price Data'!B8-'Raw Price Data'!B7)/'Raw Price Data'!B7 -> -0.020427046 | C8: =('Raw Price Data'!C8-'Raw Price Data'!C7)/'Raw Price Data'!C7 -> 0.042185537 | D8: =('Raw Price Data'!D8-'Raw Price Data'!D7)/'Raw Price Data'!D7 -> -0.030842153 | E8: =('Raw Price Data'!E8-'Raw Price Data'!E7)/'Raw Price Data'!E7 -> 0.025964365 | F8: =('Raw Price Data'!F8-'Raw Price Data'!F7)/'Raw Price Data'!F7 -> 0.0087621036
A9: 43475 | B9: =('Raw Price Data'!B9-'Raw Price Data'!B8)/'Raw Price Data'!B8 -> 0.0049407833 | C9: =('Raw Price Data'!C9-'Raw Price Data'!C8)/'Raw Price Data'!C8 -> -0.016907422 | D9: =('Raw Price Data'!D9-'Raw Price Data'!D8)/'Raw Price Data'!D8 -> 0.017084282 | E9: =('Raw Price Data'!E9-'Raw Price Data'!E8)/'Raw Price Data'!E8 -> -0.010944621 | F9: =('Raw Price Data'!F9-'Raw Price Data'!F8)/'Raw Price Data'!F8 -> -0.0032368376
A10: 43476 | B10: =('Raw Price Data'!B10-'Raw Price Data'!B9)/'Raw Price Data'!B9 -> -0.0033981635 | C10: =('Raw Price Data'!C10-'Raw Price Data'!C9)/'Raw Price Data'!C9 -> 0.032855216 | D10: =('Raw Price Data'!D10-'Raw Price Data'!D9)/'Raw Price Data'!D9 -> -0.029971675 | E10: =('Raw Price Data'!E10-'Raw Price Data'!E9)/'Raw Price Data'!E9 -> -0.0025482599 | F10: =('Raw Price Data'!F10-'Raw Price Data'!F9)/'Raw Price Data'!F9 -> -0.0032818366
A11: 43479 | B11: =('Raw Price Data'!B11-'Raw Price Data'!B10)/'Raw Price Data'!B10 -> -0.0026842716 | C11: =('Raw Price Data'!C11-'Raw Price Data'!C10)/'Raw Price Data'!C10 -> -0.015565918 | D11: =('Raw Price Data'!D11-'Raw Price Data'!D10)/'Raw Price Data'!D10 -> -0.0059758251 | E11: =('Raw Price Data'!E11-'Raw Price Data'!E10)/'Raw Price Data'!E10 -> 0.029642332 | F11: =('Raw Price Data'!F11-'Raw Price Data'!F10)/'Raw Price Data'!F10 -> -0.020081686
A12: 43480 | B12: =('Raw Price Data'!B12-'Raw Price Data'!B11)/'Raw Price Data'!B11 -> 0.0018913217 | C12: =('Raw Price Data'!C12-'Raw Price Data'!C11)/'Raw Price Data'!C11 -> 0.02340803 | D12: =('Raw Price Data'!D12-'Raw Price Data'!D11)/'Raw Price Data'!D11 -> -0.021451018 | E12: =('Raw Price Data'!E12-'Raw Price Data'!E11)/'Raw Price Data'!E11 -> 0.020869447 | F12: =('Raw Price Data'!F12-'Raw Price Data'!F11)/'Raw Price Data'!F11 -> 0.0029436155
A13: 43481 | B13: =('Raw Price Data'!B13-'Raw Price Data'!B12)/'Raw Price Data'!B12 -> 0.0035576853 | C13: =('Raw Price Data'!C13-'Raw Price Data'!C12)/'Raw Price Data'!C12 -> 0.0019186751 | D13: =('Raw Price Data'!D13-'Raw Price Data'!D12)/'Raw Price Data'!D12 -> 0.0010471935 | E13: =('Raw Price Data'!E13-'Raw Price Data'!E12)/'Raw Price Data'!E12 -> -0.013450974 | F13: =('Raw Price Data'!F13-'Raw Price Data'!F12)/'Raw Price Data'!F12 -> -0.012938273
A14: 43482 | B14: =('Raw Price Data'!B14-'Raw Price Data'!B13)/'Raw Price Data'!B13 -> 0.016423094 | C14: =('Raw Price Data'!C14-'Raw Price Data'!C13)/'Raw Price Data'!C13 -> 0.039929447 | D14: =('Raw Price Data'!D14-'Raw Price Data'!D13)/'Raw Price Data'!D13 -> -0.019387684 | E14: =('Raw Price Data'!E14-'Raw Price Data'!E13)/'Raw Price Data'!E13 -> -0.044142958 | F14: =('Raw Price Data'!F14-'Raw Price Data'!F13)/'Raw Price Data'!F13 -> -0.0083799117
... A1827: 46021 | B1827: =('Raw Price Data'!B1827-'Raw Price Data'!B1826)/'Raw Price Data'!B1826 -> 0.0077065652 | C1827: =('Raw Price Data'!C1827-'Raw Price Data'!C1826)/'Raw Price Data'!C1826 -> 0.029290101 | D1827: =('Raw Price Data'!D1827-'Raw Price Data'!D1826)/'Raw Price Data'!D1826 -> 0.0053058486 | E1827: =('Raw Price Data'!E1827-'Raw Price Data'!E1826)/'Raw Price Data'!E1826 -> 0.012563368 | F1827: =('Raw Price Data'!F1827-'Raw Price Data'!F1826)/'Raw Price Data'!F1826 -> 0.0088130142

Sheet Summary Statistics
A1: PART 1 & 2 — RETURNS ANALYSIS, STANDARD DEVIATION & COEFFICIENT OF VARIATION
A2: Daily returns data from 'Daily Returns' sheet | Period: Jan 2019 – Dec 2025
A3: Metric | B3: OGDC | C3: LUCK | D3: HBL | E3: ENGRO | F3: KSE-100
A4: Average Daily Return | B4: =AVERAGE('Daily Returns'!B3:B1828) -> -7.0162981e-05 | C4: =AVERAGE('Daily Returns'!C3:C1828) -> 0.00091411719 | D4: =AVERAGE('Daily Returns'!D3:D1828) -> 0.00017255882 | E4: =AVERAGE('Daily Returns'!E3:E1828) -> -4.894998e-05 | F4: =AVERAGE('Daily Returns'!F3:F1828) -> 0.00027006081
A5: Average Annual Return | B5: =B4*252 -> -0.017681071 | C5: =C4*252 -> 0.23035753 | D5: =D4*252 -> 0.043484822 | E5: =E4*252 -> -0.012335395 | F5: =F4*252 -> 0.068055324
A6: Standard Deviation (Daily) | B6: =STDEV('Daily Returns'!B3:B1828) -> 0.013891798 | C6: =STDEV('Daily Returns'!C3:C1828) -> 0.017757678 | D6: =STDEV('Daily Returns'!D3:D1828) -> 0.015548411 | E6: =STDEV('Daily Returns'!E3:E1828) -> 0.019063349 | F6: =STDEV('Daily Returns'!F3:F1828) -> 0.011228592
A7: Standard Deviation (Annual) | B7: =B6*SQRT(252) -> 0.22052546 | C7: =C6*SQRT(252) -> 0.28189441 | D7: =D6*SQRT(252) -> 0.24682338 | E7: =E6*SQRT(252) -> 0.30262128 | F7: =F6*SQRT(252) -> 0.17824838
A8: Coefficient of Variation (Daily) | B8: =B6/ABS(B4) -> 197.99327 | C8: =C6/ABS(C4) -> 19.426041 | D8: =D6/ABS(D4) -> 90.104995 | E8: =E6/ABS(E4) -> 389.44548 | F8: =F6/ABS(F4) -> 41.578015
A9: Coefficient of Variation (Annual) | B9: =B7/ABS(B5) -> 12.472404 | C9: =C7/ABS(C5) -> 1.2237256 | D9: =D7/ABS(D5) -> 5.6760811 | E9: =E7/ABS(E5) -> 24.53276 | F9: =F7/ABS(F5) -> 2.6191687
A10: Minimum Daily Return | B10: =MIN('Daily Returns'!B3:B1828) -> -0.0435158 | C10: =MIN('Daily Returns'!C3:C1828) -> -0.068857008 | D10: =MIN('Daily Returns'!D3:D1828) -> -0.055278104 | E10: =MIN('Daily Returns'!E3:E1828) -> -0.056405686 | F10: =MIN('Daily Returns'!F3:F1828) -> -0.03936856
A11: Maximum Daily Return | B11: =MAX('Daily Returns'!B3:B1828) -> 0.052282016 | C11: =MAX('Daily Returns'!C3:C1828) -> 0.064910455 | D11: =MAX('Daily Returns'!D3:D1828) -> 0.050666667 | E11: =MAX('Daily Returns'!E3:E1828) -> 0.062786851 | F11: =MAX('Daily Returns'!F3:F1828) -> 0.041050774
A12: Number of Observations | B12: =COUNTA('Daily Returns'!B3:B1828) -> 1825 | C12: =COUNTA('Daily Returns'!C3:C1828) -> 1825 | D12: =COUNTA('Daily Returns'!D3:D1828) -> 1825 | E12: =COUNTA('Daily Returns'!E3:E1828) -> 1825 | F12: =COUNTA('Daily Returns'!F3:F1828) -> 1825
A14: INTERPRETATION
A15: • Average Return: Higher average return indicates better performance over 7-year period. ENGRO & LUCK show highest annual returns.
A16: • Standard Deviation: Measures total risk (volatility). Higher std dev = more volatile/risky stock. ENGRO shows highest volatility.
A17: • Coefficient of Variation (CV): Risk per unit of return. Lower CV = more efficient risk-return tradeoff. Use for cross-stock comparison.
A18: • KSE-100 serves as market benchmark. Individual stocks are compared against this to measure relative performance.

Sheet Beta & Regression
A1: PART 4 — BETA ESTIMATION VIA REGRESSION (Company Returns vs KSE-100 Returns)
A2: Beta = SLOPE(stock returns, KSE-100 returns) | Alpha = INTERCEPT | R² = CORREL²
A3: Metric | B3: OGDC | C3: LUCK | D3: HBL | E3: ENGRO | G3: Interpretation
A4: Beta (β) | B4: =SLOPE('Daily Returns'!B3:B1828,'Daily Returns'!F3:F1828) -> 0.0015818478 | C4: =SLOPE('Daily Returns'!C3:C1828,'Daily Returns'!F3:F1828) -> -0.091847981 | D4: =SLOPE('Daily Returns'!D3:D1828,'Daily Returns'!F3:F1828) -> -0.0089641799 | E4: =SLOPE('Daily Returns'!E3:E1828,'Daily Returns'!F3:F1828) -> 0.0049355851
A5: Alpha (α) | B5: =INTERCEPT('Daily Returns'!B3:B1828,'Daily Returns'!F3:F1828) -> -7.0590176e-05 | C5: =INTERCEPT('Daily Returns'!C3:C1828,'Daily Returns'!F3:F1828) -> 0.00093892173 | D5: =INTERCEPT('Daily Returns'!D3:D1828,'Daily Returns'!F3:F1828) -> 0.00017497969 | E5: =INTERCEPT('Daily Returns'!E3:E1828,'Daily Returns'!F3:F1828) -> -5.0282888e-05
A6: Correlation (r) | B6: =CORREL('Daily Returns'!B3:B1828,'Daily Returns'!F3:F1828) -> 0.0012785907 | C6: =CORREL('Daily Returns'!C3:C1828,'Daily Returns'!F3:F1828) -> -0.05807761 | D6: =CORREL('Daily Returns'!D3:D1828,'Daily Returns'!F3:F1828) -> -0.0064736596 | E6: =CORREL('Daily Returns'!E3:E1828,'Daily Returns'!F3:F1828) -> 0.0029071321
A7: R-Squared (R²) | B7: =CORREL('Daily Returns'!B3:B1828,'Daily Returns'!F3:F1828)^2 -> 1.6347941e-06 | C7: =CORREL('Daily Returns'!C3:C1828,'Daily Returns'!F3:F1828)^2 -> 0.0033730088 | D7: =CORREL('Daily Returns'!D3:D1828,'Daily Returns'!F3:F1828)^2 -> 4.1908268e-05 | E7: =CORREL('Daily Returns'!E3:E1828,'Daily Returns'!F3:F1828)^2 -> 8.4514168e-06
A9: BETA INTERPRETATION & CAPM FRAMEWORK
A10: β = 1.0 | B10: Stock moves perfectly in sync with market. Same systematic risk as market portfolio.
A11: β > 1.0 | B11: Aggressive stock. Amplifies market movements. Suitable for bull markets. Higher risk & return.
A12: β < 1.0 | B12: Defensive stock. Less sensitive to market swings. Lower risk. Suitable for bear markets.
A13: β = 0.0 | B13: Stock has no correlation with market (e.g., money market instruments).
A14: β < 0.0 | B14: Inverse relationship with market (e.g., gold, some hedges). Rare for equities.
A15: Consistency with Scatter | B15: Steeper slope in scatter diagram = higher beta. Visual inspection should confirm regression results.

Sheet Portfolio Analysis
A1: PART 5 — PORTFOLIO FORMATION (Weights: 30% | 30% | 20% | 10%)
A2: Component | B2: OGDC | C2: LUCK | D2: HBL | E2: ENGRO | F2: Portfolio
A3: Note: Assignment weights sum to 90% (30%+30%+20%+10%). Remaining 10% is implicitly unallocated (no 5th asset specified).
A4: Weight (wi) | B4: 0.3 | C4: 0.3 | D4: 0.2 | E4: 0.1
A5: Beta (βi) | B5: ='Beta & Regression'!B4 -> 0.0015818478 | C5: ='Beta & Regression'!C4 -> -0.091847981 | D5: ='Beta & Regression'!D4 -> -0.0089641799 | E5: ='Beta & Regression'!E4 -> 0.0049355851
A6: Annual Avg Return | B6: ='Summary Statistics'!B5 -> -0.017681071 | C6: ='Summary Statistics'!C5 -> 0.23035753 | D6: ='Summary Statistics'!D5 -> 0.043484822 | E6: ='Summary Statistics'!E5 -> -0.012335395
A7: Portfolio Beta (β_p) | B7: =B4*B5+C4*C5+D4*D5+E4*E5 -> -0.028379117
A8: Risk-Free Rate (Rf) — 12M T-Bill | B8: 0.1135 | F8: Source: SBP T-Bill Auction Jan 2025
A9: Market Return (Rm) — KSE-100 Annual Avg | B9: ='Summary Statistics'!F5 -> 0.068055324
A10: Required Return (CAPM): Rf + β_p(Rm - Rf) | B10: =B8+B7*(B9-B8) -> 0.11478968
A12: PART 6 — NEW COMBINED PORTFOLIO BETA (Adding 3 External Stocks)
A13: Asset | B13: Weight (wi) | C13: Beta (βi) | D13: Weighted Beta (wi×βi)
A14: Our Portfolio (Part 5) | B14: 0.25 | C14: =B7 -> -0.028379117 | D14: =B14*C14 -> -0.0070947793
A15: Stock A | B15: 0.15 | C15: 0.769 | D15: =B15*C15 -> 0.11535
A16: Stock B | B16: 0.4 | C16: 0.985 | D16: =B16*C16 -> 0.394
A17: Stock C | B17: 0.2 | C17: 1.423 | D17: =B17*C17 -> 0.2846
A18: Total Weight Check | B18: =SUM(B14:B17) -> 1
A19: New Combined Portfolio Beta (β_new) | B19: =SUM(D14:D17) -> 0.78685522
A21: PART 7 — REQUIRED RETURN OF NEW PORTFOLIO (CAPM)
A22: Risk-Free Rate (Rf) | B22: =B8 -> 0.1135 | C22: 12-month T-Bill rate from SBP auction
A23: Market Return (Rm) | B23: =B9 -> 0.068055324 | C23: Average annual KSE-100 return (Part 1)
A24: Market Risk Premium (Rm - Rf) | B24: =B23-B22 -> -0.045444676 | C24: Excess return above risk-free
A25: New Portfolio Beta (β_new) | B25: =B19 -> 0.78685522 | C25: Calculated in Part 6
A26: Required Return = Rf + β(Rm-Rf) | B26: =B22+B25*(B23-B22) -> 0.07774162 | C26: CAPM Formula

Sheet SML & Valuation
A1: PART 8 — SECURITY MARKET LINE (SML) & STOCK VALUATION
A2: SML: Required Return = Rf + β × (Rm − Rf) | Undervalued: Actual Return > Required Return | Overvalued: Actual Return < Required Return
A3: Stock / Asset | B3: Beta (β) | C3: Actual Annual Return | D3: Required Return (CAPM) | E3: Risk Premium (Rm-Rf) | F3: Over/Undervalued? | G3: Mispricing (bps) | H3: Plot Position
A4: OGDC | B4: ='Beta & Regression'!B4 -> 0.0015818478 | C4: ='Summary Statistics'!B5 -> -0.017681071 | D4: ='Portfolio Analysis'!B8+'Beta & Regression'!B4*('Portfolio Analysis'!B9-'Portfolio Analysis'!B8) -> 0.11342811 | E4: =C4-D4 -> -0.13110918 | F4: =IF(C4>D4,"✓ UNDERVALUED",IF(C4<D4,"✗ OVERVALUED","FAIRLY VALUED")) -> ✗ OVERVALUED | G4: =(C4-D4)*10000 -> -1311.0918 | H4: =IF(F4="✓ UNDERVALUED","Above SML",IF(F4="✗ OVERVALUED","Below SML","On SML")) -> Below SML
A5: LUCK | B5: ='Beta & Regression'!C4 -> -0.091847981 | C5: ='Summary Statistics'!C5 -> 0.23035753 | D5: ='Portfolio Analysis'!B8+'Beta & Regression'!C4*('Portfolio Analysis'!B9-'Portfolio Analysis'!B8) -> 0.117674 | E5: =C5-D5 -> 0.11268353 | F5: =IF(C5>D5,"✓ UNDERVALUED",IF(C5<D5,"✗ OVERVALUED","FAIRLY VALUED")) -> ✓ UNDERVALUED | G5: =(C5-D5)*10000 -> 1126.8353 | H5: =IF(F5="✓ UNDERVALUED","Above SML",IF(F5="✗ OVERVALUED","Below SML","On SML")) -> Above SML
A6: HBL | B6: ='Beta & Regression'!D4 -> -0.0089641799 | C6: ='Summary Statistics'!D5 -> 0.043484822 | D6: ='Portfolio Analysis'!B8+'Beta & Regression'!D4*('Portfolio Analysis'!B9-'Portfolio Analysis'!B8) -> 0.11390737 | E6: =C6-D6 -> -0.070422552 | F6: =IF(C6>D6,"✓ UNDERVALUED",IF(C6<D6,"✗ OVERVALUED","FAIRLY VALUED")) -> ✗ OVERVALUED | G6: =(C6-D6)*10000 -> -704.22552 | H6: =IF(F6="✓ UNDERVALUED","Above SML",IF(F6="✗ OVERVALUED","Below SML","On SML")) -> Below SML
A7: ENGRO | B7: ='Beta & Regression'!E4 -> 0.0049355851 | C7: ='Summary Statistics'!E5 -> -0.012335395 | D7: ='Portfolio Analysis'!B8+'Beta & Regression'!E4*('Portfolio Analysis'!B9-'Portfolio Analysis'!B8) -> 0.1132757 | E7: =C7-D7 -> -0.1256111 | F7: =IF(C7>D7,"✓ UNDERVALUED",IF(C7<D7,"✗ OVERVALUED","FAIRLY VALUED")) -> ✗ OVERVALUED | G7: =(C7-D7)*10000 -> -1256.111 | H7: =IF(F7="✓ UNDERVALUED","Above SML",IF(F7="✗ OVERVALUED","Below SML","On SML")) -> Below SML
A8: Our Portfolio | B8: ='Portfolio Analysis'!B7 -> -0.028379117 | C8: ='Portfolio Analysis'!B10 -> 0.11478968 | D8: ='Portfolio Analysis'!B10 -> 0.11478968 | E8: =C8-D8 -> 0 | F8: =IF(C8>D8,"✓ UNDERVALUED",IF(C8<D8,"✗ OVERVALUED","FAIRLY VALUED")) -> FAIRLY VALUED | G8: =(C8-D8)*10000 -> 0 | H8: On SML
A9: New Portfolio | B9: ='Portfolio Analysis'!B19 -> 0.78685522 | C9: ='Portfolio Analysis'!B26 -> 0.07774162 | D9: ='Portfolio Analysis'!B26 -> 0.07774162 | E9: =C9-D9 -> 0 | F9: =IF(C9>D9,"✓ UNDERVALUED",IF(C9<D9,"✗ OVERVALUED","FAIRLY VALUED")) -> FAIRLY VALUED | G9: =(C9-D9)*10000 -> 0 | H9: On SML
A10: KSE-100 (Market) | B10: 1 | C10: ='Summary Statistics'!F5 -> 0.068055324 | D10: ='Summary Statistics'!F5 -> 0.068055324 | E10: =C10-D10 -> 0 | F10: =IF(C10>D10,"✓ UNDERVALUED",IF(C10<D10,"✗ OVERVALUED","FAIRLY VALUED")) -> FAIRLY VALUED | G10: =(C10-D10)*10000 -> 0 | H10: On SML (Market)
A11: Risk-Free Asset | B11: 0 | C11: ='Portfolio Analysis'!B8 -> 0.1135 | D11: ='Portfolio Analysis'!B8 -> 0.1135 | E11: =C11-D11 -> 0 | F11: =IF(C11>D11,"✓ UNDERVALUED",IF(C11<D11,"✗ OVERVALUED","FAIRLY VALUED")) -> FAIRLY VALUED | G11: =(C11-D11)*10000 -> 0 | H11: On SML (Origin)
A13: SML LINE DATA (for chart — Required Return at each Beta level)
A14: Beta (X) | B14: SML Required Return (Y)
A15: 0 | B15: ='Portfolio Analysis'!B8+A15*('Portfolio Analysis'!B9-'Portfolio Analysis'!B8) -> 0.1135
A16: 0.2 | B16: ='Portfolio Analysis'!B8+A16*('Portfolio Analysis'!B9-'Portfolio Analysis'!B8) -> 0.10441106
A17: 0.4 | B17: ='Portfolio Analysis'!B8+A17*('Portfolio Analysis'!B9-'Portfolio Analysis'!B8) -> 0.09532213
A18: 0.6 | B18: ='Portfolio Analysis'!B8+A18*('Portfolio Analysis'!B9-'Portfolio Analysis'!B8) -> 0.086233195
A19: 0.8 | B19: ='Portfolio Analysis'!B8+A19*('Portfolio Analysis'!B9-'Portfolio Analysis'!B8) -> 0.077144259
A20: 1 | B20: ='Portfolio Analysis'!B8+A20*('Portfolio Analysis'!B9-'Portfolio Analysis'!B8) -> 0.068055324
A21: 1.2 | B21: ='Portfolio Analysis'!B8+A21*('Portfolio Analysis'!B9-'Portfolio Analysis'!B8) -> 0.058966389
A22: 1.4 | B22: ='Portfolio Analysis'!B8+A22*('Portfolio Analysis'!B9-'Portfolio Analysis'!B8) -> 0.049877454
A23: 1.6 | B23: ='Portfolio Analysis'!B8+A23*('Portfolio Analysis'!B9-'Portfolio Analysis'!B8) -> 0.040788519
A24: 1.8 | B24: ='Portfolio Analysis'!B8+A24*('Portfolio Analysis'!B9-'Portfolio Analysis'!B8) -> 0.031699584
A25: 2 | B25: ='Portfolio Analysis'!B8+A25*('Portfolio Analysis'!B9-'Portfolio Analysis'!B8) -> 0.022610648
A27: SML INTERPRETATION GUIDE
A28: • The SML plots Required Return (Y-axis) against Beta (X-axis). The line starts at Rf (β=0) and passes through the market return (β=1).
A29: • UNDERVALUED stocks plot ABOVE the SML: their actual return exceeds what CAPM requires for that risk level → Buy signal.
A30: • OVERVALUED stocks plot BELOW the SML: their actual return is less than CAPM required → Sell/avoid signal.
A31: • Fairly valued stocks plot EXACTLY ON the SML.
A32: • Slope of SML = Market Risk Premium (Rm - Rf). A steeper SML indicates higher risk aversion in the market.
A35: CHART HELPER DATA
A36: Asset | B36: Beta | C36: Actual Return | D36: Required Return
A37: OGDC | B37: =B4 -> 0.0015818478 | C37: =C4 -> -0.017681071 | D37: =D4 -> 0.11342811
A38: LUCK | B38: =B5 -> -0.091847981 | C38: =C5 -> 0.23035753 | D38: =D5 -> 0.117674
A39: HBL | B39: =B6 -> -0.0089641799 | C39: =C6 -> 0.043484822 | D39: =D6 -> 0.11390737
A40: ENGRO | B40: =B7 -> 0.0049355851 | C40: =C7 -> -0.012335395 | D40: =D7 -> 0.1132757
A41: Portfolio | B41: =B8 -> -0.028379117 | C41: =C8 -> 0.11478968 | D41: =D8 -> 0.11478968
A42: New Portfolio | B42: =B9 -> 0.78685522 | C42: =C9 -> 0.07774162 | D42: =D9 -> 0.07774162
A43: Market | B43: =B10 -> 1 | C43: =C10 -> 0.068055324 | D43: =D10 -> 0.068055324
A44: Rf | B44: =B11 -> 0 | C44: =C11 -> 0.1135 | D44: =D11 -> 0.1135

Sheet Scatter Data
A1: PART 3 — SCATTER DIAGRAM DATA (Company Returns vs KSE-100 Returns)
A2: KSE-100 Return (X) | B2: OGDC Return | C2: LUCK Return | D2: HBL Return | E2: ENGRO Return
A3: ='Daily Returns'!F3 -> 0.012151351 | B3: ='Daily Returns'!B3 -> -0.0017142857 | C3: ='Daily Returns'!C3 -> -0.0068 | D3: ='Daily Returns'!D3 -> -0.002 | E3: ='Daily Returns'!E3 -> -0.00575
A4: ='Daily Returns'!F4 -> -0.0012763821 | B4: ='Daily Returns'!B4 -> -0.0020749857 | C4: ='Daily Returns'!C4 -> 0.053472705 | D4: ='Daily Returns'!D4 -> -0.0004008016 | E4: ='Daily Returns'!E4 -> -0.037465426
A5: ='Daily Returns'!F5 -> 0.0080338379 | B5: ='Daily Returns'!B5 -> -0.0012189001 | C5: ='Daily Returns'!C5 -> -0.028637462 | D5: ='Daily Returns'!D5 -> 0.00020048115 | E5: ='Daily Returns'!E5 -> 0.013882669
A6: ='Daily Returns'!F6 -> 0.0042347572 | B6: ='Daily Returns'!B6 -> 0.010050251 | C6: ='Daily Returns'!C6 -> -0.015850015 | D6: ='Daily Returns'!D6 -> 0.022315761 | E6: ='Daily Returns'!E6 -> 0.016526796
A7: ='Daily Returns'!F7 -> 0.0053647542 | B7: ='Daily Returns'!B7 -> -0.0014214641 | C7: ='Daily Returns'!C7 -> 0.013033283 | D7: ='Daily Returns'!D7 -> 0.0065355206 | E7: ='Daily Returns'!E7 -> 0.022232683
A8: ='Daily Returns'!F8 -> 0.0087621036 | B8: ='Daily Returns'!B8 -> -0.020427046 | C8: ='Daily Returns'!C8 -> 0.042185537 | D8: ='Daily Returns'!D8 -> -0.030842153 | E8: ='Daily Returns'!E8 -> 0.025964365
A9: ='Daily Returns'!F9 -> -0.0032368376 | B9: ='Daily Returns'!B9 -> 0.0049407833 | C9: ='Daily Returns'!C9 -> -0.016907422 | D9: ='Daily Returns'!D9 -> 0.017084282 | E9: ='Daily Returns'!E9 -> -0.010944621
A10: ='Daily Returns'!F10 -> -0.0032818366 | B10: ='Daily Returns'!B10 -> -0.0033981635 | C10: ='Daily Returns'!C10 -> 0.032855216 | D10: ='Daily Returns'!D10 -> -0.029971675 | E10: ='Daily Returns'!E10 -> -0.0025482599
A11: ='Daily Returns'!F11 -> -0.020081686 | B11: ='Daily Returns'!B11 -> -0.0026842716 | C11: ='Daily Returns'!C11 -> -0.015565918 | D11: ='Daily Returns'!D11 -> -0.0059758251 | E11: ='Daily Returns'!E11 -> 0.029642332
A12: ='Daily Returns'!F12 -> 0.0029436155 | B12: ='Daily Returns'!B12 -> 0.0018913217 | C12: ='Daily Returns'!C12 -> 0.02340803 | D12: ='Daily Returns'!D12 -> -0.021451018 | E12: ='Daily Returns'!E12 -> 0.020869447
A13: ='Daily Returns'!F13 -> -0.012938273 | B13: ='Daily Returns'!B13 -> 0.0035576853 | C13: ='Daily Returns'!C13 -> 0.0019186751 | D13: ='Daily Returns'!D13 -> 0.0010471935 | E13: ='Daily Returns'!E13 -> -0.013450974
A14: ='Daily Returns'!F14 -> -0.0083799117 | B14: ='Daily Returns'!B14 -> 0.016423094 | C14: ='Daily Returns'!C14 -> 0.039929447 | D14: ='Daily Returns'!D14 -> -0.019387684 | E14: ='Daily Returns'!E14 -> -0.044142958
... A1828: ='Daily Returns'!F1828 -> 0 | B1828: ='Daily Returns'!B1828 -> 0 | C1828: ='Daily Returns'!C1828 -> 0 | D1828: ='Daily Returns'!D1828 -> 0 | E1828: ='Daily Returns'!E1828 -> 0
A1830: 📊 CHART INSTRUCTIONS: Select columns A-E (rows 2 onwards) → Insert → Scatter Chart. Each company's returns plotted against KSE-100 returns. Slope of trendline = Beta.
